scale_of_number_of_assets;scale_of_quantity_of_assets;scale_of_allocation_weights;rebalance_kind;scale_of_rebalance_amount;investment_portfolio_id;rebalance_order_id;rebalance_id;current_variation_percentage_total_sum;projected_variation_percentage_total_sum;variation_percentage_reduction;execution_time_in_seconds
2..50;2..50;random;default_rebalance;-;5513;6812;6543;4807,05;0,0;100,0;0,45
2..50;2..50;random;default_rebalance_with_deposit;1..33;5513;6813;6544;4807,05;0,0;100,0;0,37
2..50;2..50;random;default_rebalance_with_deposit;34..66;5513;6814;6545;4807,05;0,0;100,0;0,36
2..50;2..50;random;default_rebalance_with_deposit;67..99;5513;6815;6546;4807,05;0,0;100,0;0,41
2..50;2..50;random;default_rebalance_with_deposit;100..200;5513;6816;6547;4807,05;0,0;100,0;0,38
2..50;2..50;random;default_rebalance_with_withdrawal;1..33;5513;6817;6548;4807,05;0,0;100,0;0,38
2..50;2..50;random;default_rebalance_with_withdrawal;34..66;5513;6818;6549;4807,05;0,0;100,0;0,4
2..50;2..50;random;default_rebalance_with_withdrawal;67..99;5513;6819;6550;4807,05;0,0;100,0;0,37
2..50;2..50;random;contribution_rebalance;1..33;5513;6820;6551;4807,05;4515,62;6,06;0,56
2..50;2..50;random;contribution_rebalance;34..66;5513;6821;6552;4807,05;2960,26;38,41;0,86
2..50;2..50;random;contribution_rebalance;67..99;5513;6822;6553;4807,05;1867,05;61,16;0,81
2..50;2..50;random;contribution_rebalance;100..200;5513;6823;6554;4807,05;1099,38;77,12;0,9
2..50;51..100;random;default_rebalance;-;5514;6824;6555;5962,94;0,0;100,0;0,34
2..50;51..100;random;default_rebalance_with_deposit;1..33;5514;6825;6556;5962,94;0,0;100,0;0,3
2..50;51..100;random;default_rebalance_with_deposit;34..66;5514;6826;6557;5962,94;0,0;100,0;0,29
2..50;51..100;random;default_rebalance_with_deposit;67..99;5514;6827;6558;5962,94;0,0;100,0;0,31
2..50;51..100;random;default_rebalance_with_deposit;100..200;5514;6828;6559;5962,94;0,0;100,0;0,3
2..50;51..100;random;default_rebalance_with_withdrawal;1..33;5514;6829;6560;5962,94;0,0;100,0;0,31
2..50;51..100;random;default_rebalance_with_withdrawal;34..66;5514;6830;6561;5962,94;0,0;100,0;0,31
2..50;51..100;random;default_rebalance_with_withdrawal;67..99;5514;6831;6562;5962,94;0,0;100,0;0,32
2..50;51..100;random;contribution_rebalance;1..33;5514;6832;6563;5962,94;4246,96;28,77;0,31
2..50;51..100;random;contribution_rebalance;34..66;5514;6833;6564;5962,94;3123,62;47,61;0,32
2..50;51..100;random;contribution_rebalance;67..99;5514;6834;6565;5962,94;2343,35;60,7;0,32
2..50;51..100;random;contribution_rebalance;100..200;5514;6835;6566;5962,94;1596,63;73,22;0,79
2..50;101..150;random;default_rebalance;-;5515;6836;6567;71877,25;0,0;100,0;0,72
2..50;101..150;random;default_rebalance_with_deposit;1..33;5515;6837;6568;71877,25;0,0;100,0;0,74
2..50;101..150;random;default_rebalance_with_deposit;34..66;5515;6838;6569;71877,25;0,0;100,0;0,62
2..50;101..150;random;default_rebalance_with_deposit;67..99;5515;6839;6570;71877,25;0,0;100,0;0,39
2..50;101..150;random;default_rebalance_with_deposit;100..200;5515;6840;6571;71877,25;0,0;100,0;0,31
2..50;101..150;random;default_rebalance_with_withdrawal;1..33;5515;6841;6572;71877,25;0,0;100,0;0,3
2..50;101..150;random;default_rebalance_with_withdrawal;34..66;5515;6842;6573;71877,25;0,0;100,0;0,3
2..50;101..150;random;default_rebalance_with_withdrawal;67..99;5515;6843;6574;71877,25;0,0;100,0;0,32
2..50;101..150;random;contribution_rebalance;1..33;5515;6844;6575;71877,25;65255,98;9,21;0,3
2..50;101..150;random;contribution_rebalance;34..66;5515;6845;6576;71877,25;43815,43;39,04;0,28
2..50;101..150;random;contribution_rebalance;67..99;5515;6846;6577;71877,25;36152,71;49,7;0,29
2..50;101..150;random;contribution_rebalance;100..200;5515;6847;6578;71877,25;24978,88;65,24;0,32
2..50;151..200;random;default_rebalance;-;5516;6848;6579;2768,74;0,0;100,0;0,05
2..50;151..200;random;default_rebalance_with_deposit;1..33;5516;6849;6580;2768,74;0,0;100,0;0,05
2..50;151..200;random;default_rebalance_with_deposit;34..66;5516;6850;6581;2768,74;0,0;100,0;0,05
2..50;151..200;random;default_rebalance_with_deposit;67..99;5516;6851;6582;2768,74;0,0;100,0;0,05
2..50;151..200;random;default_rebalance_with_deposit;100..200;5516;6852;6583;2768,74;0,0;100,0;0,05
2..50;151..200;random;default_rebalance_with_withdrawal;1..33;5516;6853;6584;2768,74;0,0;100,0;0,05
2..50;151..200;random;default_rebalance_with_withdrawal;34..66;5516;6854;6585;2768,74;0,0;100,0;0,05
2..50;151..200;random;default_rebalance_with_withdrawal;67..99;5516;6855;6586;2768,74;0,0;100,0;0,05
2..50;151..200;random;contribution_rebalance;1..33;5516;6856;6587;2768,74;2462,45;11,06;0,05
2..50;151..200;random;contribution_rebalance;34..66;5516;6857;6588;2768,74;1984,62;28,32;0,05
2..50;151..200;random;contribution_rebalance;67..99;5516;6858;6589;2768,74;1413,03;48,96;0,05
2..50;151..200;random;contribution_rebalance;100..200;5516;6859;6590;2768,74;1185,69;57,17;0,05
2..50;201..250;random;default_rebalance;-;5517;6860;6591;1422,55;0,0;100,0;0,13
2..50;201..250;random;default_rebalance_with_deposit;1..33;5517;6861;6592;1422,55;0,0;100,0;0,14
2..50;201..250;random;default_rebalance_with_deposit;34..66;5517;6862;6593;1422,55;0,0;100,0;0,13
2..50;201..250;random;default_rebalance_with_deposit;67..99;5517;6863;6594;1422,55;0,0;100,0;0,13
2..50;201..250;random;default_rebalance_with_deposit;100..200;5517;6864;6595;1422,55;0,0;100,0;0,13
2..50;201..250;random;default_rebalance_with_withdrawal;1..33;5517;6865;6596;1422,55;0,0;100,0;0,12
2..50;201..250;random;default_rebalance_with_withdrawal;34..66;5517;6866;6597;1422,55;0,0;100,0;0,13
2..50;201..250;random;default_rebalance_with_withdrawal;67..99;5517;6867;6598;1422,55;0,0;100,0;0,13
2..50;201..250;random;contribution_rebalance;1..33;5517;6868;6599;1422,55;1052,94;25,98;0,15
2..50;201..250;random;contribution_rebalance;34..66;5517;6869;6600;1422,55;672,5;52,72;0,15
2..50;201..250;random;contribution_rebalance;67..99;5517;6870;6601;1422,55;460,58;67,62;0,14
2..50;201..250;random;contribution_rebalance;100..200;5517;6871;6602;1422,55;335,91;76,38;0,14
51..100;2..50;random;default_rebalance;-;5518;6872;6603;20964,47;0,0;100,0;0,72
51..100;2..50;random;default_rebalance_with_deposit;1..33;5518;6873;6604;20964,47;0,0;100,0;0,76
51..100;2..50;random;default_rebalance_with_deposit;34..66;5518;6874;6605;20964,47;0,0;100,0;0,72
51..100;2..50;random;default_rebalance_with_deposit;67..99;5518;6875;6606;20964,47;0,0;100,0;0,75
51..100;2..50;random;default_rebalance_with_deposit;100..200;5518;6876;6607;20964,47;0,0;100,0;0,71
51..100;2..50;random;default_rebalance_with_withdrawal;1..33;5518;6877;6608;20964,47;0,0;100,0;0,74
51..100;2..50;random;default_rebalance_with_withdrawal;34..66;5518;6878;6609;20964,47;0,0;100,0;1,5
51..100;2..50;random;default_rebalance_with_withdrawal;67..99;5518;6879;6610;20964,47;0,0;100,0;1,53
51..100;2..50;random;contribution_rebalance;1..33;5518;6880;6611;20964,47;18095,06;13,68;1,17
51..100;2..50;random;contribution_rebalance;34..66;5518;6881;6612;20964,47;13271,07;36,69;0,77
51..100;2..50;random;contribution_rebalance;67..99;5518;6882;6613;20964,47;10424,32;50,27;0,75
51..100;2..50;random;contribution_rebalance;100..200;5518;6883;6614;20964,47;6918,97;66,99;0,77
51..100;51..100;random;default_rebalance;-;5519;6884;6615;21307,11;0,0;100,0;0,93
51..100;51..100;random;default_rebalance_with_deposit;1..33;5519;6885;6616;21307,11;0,0;100,0;0,93
51..100;51..100;random;default_rebalance_with_deposit;34..66;5519;6886;6617;21307,11;0,0;100,0;0,95
51..100;51..100;random;default_rebalance_with_deposit;67..99;5519;6887;6618;21307,11;0,0;100,0;1,16
51..100;51..100;random;default_rebalance_with_deposit;100..200;5519;6888;6619;21307,11;0,0;100,0;1,96
51..100;51..100;random;default_rebalance_with_withdrawal;1..33;5519;6889;6620;21307,11;0,0;100,0;1,52
51..100;51..100;random;default_rebalance_with_withdrawal;34..66;5519;6890;6621;21307,11;0,0;100,0;0,94
51..100;51..100;random;default_rebalance_with_withdrawal;67..99;5519;6891;6622;21307,11;0,0;100,0;0,91
51..100;51..100;random;contribution_rebalance;1..33;5519;6892;6623;21307,11;18136,58;14,88;0,89
51..100;51..100;random;contribution_rebalance;34..66;5519;6893;6624;21307,11;12216,89;42,66;1,58
51..100;51..100;random;contribution_rebalance;67..99;5519;6894;6625;21307,11;11083,08;47,98;2,04
51..100;51..100;random;contribution_rebalance;100..200;5519;6895;6626;21307,11;5080,67;76,15;1,18
51..100;101..150;random;default_rebalance;-;5520;6896;6627;23085,21;0,0;100,0;0,9
51..100;101..150;random;default_rebalance_with_deposit;1..33;5520;6897;6628;23085,21;0,0;100,0;0,86
51..100;101..150;random;default_rebalance_with_deposit;34..66;5520;6898;6629;23085,21;0,0;100,0;1,94
51..100;101..150;random;default_rebalance_with_deposit;67..99;5520;6899;6630;23085,21;0,0;100,0;1,85
51..100;101..150;random;default_rebalance_with_deposit;100..200;5520;6900;6631;23085,21;0,0;100,0;0,91
51..100;101..150;random;default_rebalance_with_withdrawal;1..33;5520;6901;6632;23085,21;0,0;100,0;0,93
51..100;101..150;random;default_rebalance_with_withdrawal;34..66;5520;6902;6633;23085,21;0,0;100,0;0,91
51..100;101..150;random;default_rebalance_with_withdrawal;67..99;5520;6903;6634;23085,21;0,0;100,0;0,93
51..100;101..150;random;contribution_rebalance;1..33;5520;6904;6635;23085,21;17545,2;23,99;0,97
51..100;101..150;random;contribution_rebalance;34..66;5520;6905;6636;23085,21;14200,59;38,48;0,97
51..100;101..150;random;contribution_rebalance;67..99;5520;6906;6637;23085,21;11096,26;51,93;0,92
51..100;101..150;random;contribution_rebalance;100..200;5520;6907;6638;23085,21;6575,94;71,51;1,51
51..100;151..200;random;default_rebalance;-;5521;6908;6639;18088,75;0,0;100,0;1,4
51..100;151..200;random;default_rebalance_with_deposit;1..33;5521;6909;6640;18088,75;0,0;100,0;0,7
51..100;151..200;random;default_rebalance_with_deposit;34..66;5521;6910;6641;18088,75;0,0;100,0;0,7
51..100;151..200;random;default_rebalance_with_deposit;67..99;5521;6911;6642;18088,75;0,0;100,0;0,74
51..100;151..200;random;default_rebalance_with_deposit;100..200;5521;6912;6643;18088,75;0,0;100,0;0,71
51..100;151..200;random;default_rebalance_with_withdrawal;1..33;5521;6913;6644;18088,75;0,0;100,0;0,87
51..100;151..200;random;default_rebalance_with_withdrawal;34..66;5521;6914;6645;18088,75;0,0;100,0;1,51
51..100;151..200;random;default_rebalance_with_withdrawal;67..99;5521;6915;6646;18088,75;0,0;100,0;1,59
51..100;151..200;random;contribution_rebalance;1..33;5521;6916;6647;18088,75;12971,52;28,28;0,74
51..100;151..200;random;contribution_rebalance;34..66;5521;6917;6648;18088,75;10192,85;43,65;0,72
51..100;151..200;random;contribution_rebalance;67..99;5521;6918;6649;18088,75;8618,94;52,35;0,69
51..100;151..200;random;contribution_rebalance;100..200;5521;6919;6650;18088,75;6975,0;61,44;0,71
51..100;201..250;random;default_rebalance;-;5522;6920;6651;24309,59;0,0;100,0;1,29
51..100;201..250;random;default_rebalance_with_deposit;1..33;5522;6921;6652;24309,59;0,0;100,0;1,31
51..100;201..250;random;default_rebalance_with_deposit;34..66;5522;6922;6653;24309,59;0,0;100,0;1,3
51..100;201..250;random;default_rebalance_with_deposit;67..99;5522;6923;6654;24309,59;0,0;100,0;0,59
51..100;201..250;random;default_rebalance_with_deposit;100..200;5522;6924;6655;24309,59;0,0;100,0;0,6
51..100;201..250;random;default_rebalance_with_withdrawal;1..33;5522;6925;6656;24309,59;0,0;100,0;0,66
51..100;201..250;random;default_rebalance_with_withdrawal;34..66;5522;6926;6657;24309,59;0,0;100,0;0,59
51..100;201..250;random;default_rebalance_with_withdrawal;67..99;5522;6927;6658;24309,59;0,0;100,0;0,66
51..100;201..250;random;contribution_rebalance;1..33;5522;6928;6659;24309,59;20677,07;14,94;0,88
51..100;201..250;random;contribution_rebalance;34..66;5522;6929;6660;24309,59;14179,26;41,67;1,3
51..100;201..250;random;contribution_rebalance;67..99;5522;6930;6661;24309,59;12093,18;50,25;1,33
51..100;201..250;random;contribution_rebalance;100..200;5522;6931;6662;24309,59;10940,66;54,99;1,27
101..150;2..50;random;default_rebalance;-;5523;6932;6663;34708,17;0,0;100,0;1,38
101..150;2..50;random;default_rebalance_with_deposit;1..33;5523;6933;6664;34708,17;0,0;100,0;1,16
101..150;2..50;random;default_rebalance_with_deposit;34..66;5523;6934;6665;34708,17;0,0;100,0;1,15
101..150;2..50;random;default_rebalance_with_deposit;67..99;5523;6935;6666;34708,17;0,0;100,0;1,16
101..150;2..50;random;default_rebalance_with_deposit;100..200;5523;6936;6667;34708,17;0,0;100,0;1,19
101..150;2..50;random;default_rebalance_with_withdrawal;1..33;5523;6937;6668;34708,17;0,0;100,0;1,15
101..150;2..50;random;default_rebalance_with_withdrawal;34..66;5523;6938;6669;34708,17;0,0;100,0;1,86
101..150;2..50;random;default_rebalance_with_withdrawal;67..99;5523;6939;6670;34708,17;0,0;100,0;2,5
101..150;2..50;random;contribution_rebalance;1..33;5523;6940;6671;34708,17;30401,22;12,4;1,13
101..150;2..50;random;contribution_rebalance;34..66;5523;6941;6672;34708,17;23959,13;30,96;1,14
101..150;2..50;random;contribution_rebalance;67..99;5523;6942;6673;34708,17;16167,05;53,42;1,18
101..150;2..50;random;contribution_rebalance;100..200;5523;6943;6674;34708,17;12180,05;64,9;1,16
101..150;51..100;random;default_rebalance;-;5524;6944;6675;38554,11;0,0;100,0;1,41
101..150;51..100;random;default_rebalance_with_deposit;1..33;5524;6945;6676;38554,11;0,0;100,0;2,82
101..150;51..100;random;default_rebalance_with_deposit;34..66;5524;6946;6677;38554,11;0,0;100,0;1,5
101..150;51..100;random;default_rebalance_with_deposit;67..99;5524;6947;6678;38554,11;0,0;100,0;1,37
101..150;51..100;random;default_rebalance_with_deposit;100..200;5524;6948;6679;38554,11;0,0;100,0;1,38
101..150;51..100;random;default_rebalance_with_withdrawal;1..33;5524;6949;6680;38554,11;0,0;100,0;3,0
101..150;51..100;random;default_rebalance_with_withdrawal;34..66;5524;6950;6681;38554,11;0,0;100,0;2,87
101..150;51..100;random;default_rebalance_with_withdrawal;67..99;5524;6951;6682;38554,11;0,0;100,0;2,04
101..150;51..100;random;contribution_rebalance;1..33;5524;6952;6683;38554,11;35298,33;8,44;1,33
101..150;51..100;random;contribution_rebalance;34..66;5524;6953;6684;38554,11;26387,65;31,55;1,39
101..150;51..100;random;contribution_rebalance;67..99;5524;6954;6685;38554,11;18611,41;51,72;1,35
101..150;51..100;random;contribution_rebalance;100..200;5524;6955;6686;38554,11;14681,66;61,91;1,34
101..150;101..150;random;default_rebalance;-;5525;6956;6687;42722,79;0,0;100,0;1,31
101..150;101..150;random;default_rebalance_with_deposit;1..33;5525;6957;6688;42722,79;0,0;100,0;1,33
101..150;101..150;random;default_rebalance_with_deposit;34..66;5525;6958;6689;42722,79;0,0;100,0;1,87
101..150;101..150;random;default_rebalance_with_deposit;67..99;5525;6959;6690;42722,79;0,0;100,0;2,91
101..150;101..150;random;default_rebalance_with_deposit;100..200;5525;6960;6691;42722,79;0,0;100,0;1,31
101..150;101..150;random;default_rebalance_with_withdrawal;1..33;5525;6961;6692;42722,79;0,0;100,0;1,32
101..150;101..150;random;default_rebalance_with_withdrawal;34..66;5525;6962;6693;42722,79;0,0;100,0;1,77
101..150;101..150;random;default_rebalance_with_withdrawal;67..99;5525;6963;6694;42722,79;0,0;100,0;2,8
101..150;101..150;random;contribution_rebalance;1..33;5525;6964;6695;42722,79;37994,06;11,06;1,33
101..150;101..150;random;contribution_rebalance;34..66;5525;6965;6696;42722,79;26372,76;38,27;1,38
101..150;101..150;random;contribution_rebalance;67..99;5525;6966;6697;42722,79;20297,26;52,49;1,8
101..150;101..150;random;contribution_rebalance;100..200;5525;6967;6698;42722,79;17655,14;58,67;2,96
101..150;151..200;random;default_rebalance;-;5526;6968;6699;14458,45;0,0;100,0;1,04
101..150;151..200;random;default_rebalance_with_deposit;1..33;5526;6969;6700;14458,45;0,0;100,0;1,02
101..150;151..200;random;default_rebalance_with_deposit;34..66;5526;6970;6701;14458,45;0,0;100,0;1,68
101..150;151..200;random;default_rebalance_with_deposit;67..99;5526;6971;6702;14458,45;0,0;100,0;2,35
101..150;151..200;random;default_rebalance_with_deposit;100..200;5526;6972;6703;14458,45;0,0;100,0;1,06
101..150;151..200;random;default_rebalance_with_withdrawal;1..33;5526;6973;6704;14458,45;0,0;100,0;1,07
101..150;151..200;random;default_rebalance_with_withdrawal;34..66;5526;6974;6705;14458,45;0,0;100,0;0,98
101..150;151..200;random;default_rebalance_with_withdrawal;67..99;5526;6975;6706;14458,45;0,0;100,0;1,56
101..150;151..200;random;contribution_rebalance;1..33;5526;6976;6707;14458,45;10187,38;29,54;2,04
101..150;151..200;random;contribution_rebalance;34..66;5526;6977;6708;14458,45;7308,86;49,44;1,08
101..150;151..200;random;contribution_rebalance;67..99;5526;6978;6709;14458,45;6470,08;55,25;1,0
101..150;151..200;random;contribution_rebalance;100..200;5526;6979;6710;14458,45;4473,16;69,06;0,98
101..150;201..250;random;default_rebalance;-;5527;6980;6711;35675,93;0,0;100,0;2,69
101..150;201..250;random;default_rebalance_with_deposit;1..33;5527;6981;6712;35675,93;0,0;100,0;1,2
101..150;201..250;random;default_rebalance_with_deposit;34..66;5527;6982;6713;35675,93;0,0;100,0;1,2
101..150;201..250;random;default_rebalance_with_deposit;67..99;5527;6983;6714;35675,93;0,0;100,0;1,31
101..150;201..250;random;default_rebalance_with_deposit;100..200;5527;6984;6715;35675,93;0,0;100,0;2,65
101..150;201..250;random;default_rebalance_with_withdrawal;1..33;5527;6985;6716;35675,93;0,0;100,0;1,82
101..150;201..250;random;default_rebalance_with_withdrawal;34..66;5527;6986;6717;35675,93;0,0;100,0;1,27
101..150;201..250;random;default_rebalance_with_withdrawal;67..99;5527;6987;6718;35675,93;0,0;100,0;1,29
101..150;201..250;random;contribution_rebalance;1..33;5527;6988;6719;35675,93;34103,11;4,4;2,21
101..150;201..250;random;contribution_rebalance;34..66;5527;6989;6720;35675,93;21586,34;39,49;2,69
101..150;201..250;random;contribution_rebalance;67..99;5527;6990;6721;35675,93;17560,0;50,77;2,62
101..150;201..250;random;contribution_rebalance;100..200;5527;6991;6722;35675,93;13506,32;62,14;1,2
151..200;2..50;random;default_rebalance;-;5528;6992;6723;85415,33;0,0;100,0;3,24
151..200;2..50;random;default_rebalance_with_deposit;1..33;5528;6993;6724;85415,33;0,0;100,0;2,3
151..200;2..50;random;default_rebalance_with_deposit;34..66;5528;6994;6725;85415,33;0,0;100,0;1,82
151..200;2..50;random;default_rebalance_with_deposit;67..99;5528;6995;6726;85415,33;0,0;100,0;3,41
151..200;2..50;random;default_rebalance_with_deposit;100..200;5528;6996;6727;85415,33;0,0;100,0;2,34
151..200;2..50;random;default_rebalance_with_withdrawal;1..33;5528;6997;6728;85415,33;0,0;100,0;1,88
151..200;2..50;random;default_rebalance_with_withdrawal;34..66;5528;6998;6729;85415,33;0,0;100,0;4,0
151..200;2..50;random;default_rebalance_with_withdrawal;67..99;5528;6999;6730;85415,33;0,0;100,0;1,9
151..200;2..50;random;contribution_rebalance;1..33;5528;7000;6731;85415,33;83555,18;2,17;1,77
151..200;2..50;random;contribution_rebalance;34..66;5528;7001;6732;85415,33;53870,6;36,93;3,79
151..200;2..50;random;contribution_rebalance;67..99;5528;7002;6733;85415,33;46559,84;45,49;1,79
151..200;2..50;random;contribution_rebalance;100..200;5528;7003;6734;85415,33;25069,6;70,64;2,18
151..200;51..100;random;default_rebalance;-;5529;7004;6735;41344,65;0,0;100,0;4,18
151..200;51..100;random;default_rebalance_with_deposit;1..33;5529;7005;6736;41344,65;0,0;100,0;3,08
151..200;51..100;random;default_rebalance_with_deposit;34..66;5529;7006;6737;41344,65;0,0;100,0;1,89
151..200;51..100;random;default_rebalance_with_deposit;67..99;5529;7007;6738;41344,65;0,0;100,0;2,84
151..200;51..100;random;default_rebalance_with_deposit;100..200;5529;7008;6739;41344,65;0,0;100,0;2,72
151..200;51..100;random;default_rebalance_with_withdrawal;1..33;5529;7009;6740;41344,65;0,0;100,0;1,84
151..200;51..100;random;default_rebalance_with_withdrawal;34..66;5529;7010;6741;41344,65;0,0;100,0;3,12
151..200;51..100;random;default_rebalance_with_withdrawal;67..99;5529;7011;6742;41344,65;0,0;100,0;2,48
151..200;51..100;random;contribution_rebalance;1..33;5529;7012;6743;41344,65;33437,91;19,12;1,84
151..200;51..100;random;contribution_rebalance;34..66;5529;7013;6744;41344,65;22901,79;44,6;3,53
151..200;51..100;random;contribution_rebalance;67..99;5529;7014;6745;41344,65;18475,0;55,31;2,16
151..200;51..100;random;contribution_rebalance;100..200;5529;7015;6746;41344,65;16716,78;59,56;1,85
151..200;101..150;random;default_rebalance;-;5530;7016;6747;36624,92;0,0;100,0;1,51
151..200;101..150;random;default_rebalance_with_deposit;1..33;5530;7017;6748;36624,92;0,0;100,0;1,39
151..200;101..150;random;default_rebalance_with_deposit;34..66;5530;7018;6749;36624,92;0,0;100,0;1,51
151..200;101..150;random;default_rebalance_with_deposit;67..99;5530;7019;6750;36624,92;0,0;100,0;1,48
151..200;101..150;random;default_rebalance_with_deposit;100..200;5530;7020;6751;36624,92;0,0;100,0;1,5
151..200;101..150;random;default_rebalance_with_withdrawal;1..33;5530;7021;6752;36624,92;0,0;100,0;3,04
151..200;101..150;random;default_rebalance_with_withdrawal;34..66;5530;7022;6753;36624,92;0,0;100,0;3,2
151..200;101..150;random;default_rebalance_with_withdrawal;67..99;5530;7023;6754;36624,92;0,0;100,0;2,28
151..200;101..150;random;contribution_rebalance;1..33;5530;7024;6755;36624,92;28690,66;21,66;1,47
151..200;101..150;random;contribution_rebalance;34..66;5530;7025;6756;36624,92;20918,02;42,88;1,74
151..200;101..150;random;contribution_rebalance;67..99;5530;7026;6757;36624,92;18235,28;50,21;3,25
151..200;101..150;random;contribution_rebalance;100..200;5530;7027;6758;36624,92;9566,28;73,88;1,55
151..200;151..200;random;default_rebalance;-;5531;7028;6759;79611,06;0,0;100,0;3,5
151..200;151..200;random;default_rebalance_with_deposit;1..33;5531;7029;6760;79611,06;0,0;100,0;1,76
151..200;151..200;random;default_rebalance_with_deposit;34..66;5531;7030;6761;79611,06;0,0;100,0;1,67
151..200;151..200;random;default_rebalance_with_deposit;67..99;5531;7031;6762;79611,06;0,0;100,0;2,86
151..200;151..200;random;default_rebalance_with_deposit;100..200;5531;7032;6763;79611,06;0,0;100,0;2,34
151..200;151..200;random;default_rebalance_with_withdrawal;1..33;5531;7033;6764;79611,06;0,0;100,0;1,63
151..200;151..200;random;default_rebalance_with_withdrawal;34..66;5531;7034;6765;79611,06;0,0;100,0;1,74
151..200;151..200;random;default_rebalance_with_withdrawal;67..99;5531;7035;6766;79611,06;0,0;100,0;1,74
151..200;151..200;random;contribution_rebalance;1..33;5531;7036;6767;79611,06;72285,1;9,2;2,29
151..200;151..200;random;contribution_rebalance;34..66;5531;7037;6768;79611,06;45300,99;43,09;2,92
151..200;151..200;random;contribution_rebalance;67..99;5531;7038;6769;79611,06;38749,45;51,32;1,67
151..200;151..200;random;contribution_rebalance;100..200;5531;7039;6770;79611,06;26007,22;67,33;2,14
151..200;201..250;random;default_rebalance;-;5532;7040;6771;57222,64;0,0;100,0;1,93
151..200;201..250;random;default_rebalance_with_deposit;1..33;5532;7041;6772;57222,64;0,0;100,0;2,58
151..200;201..250;random;default_rebalance_with_deposit;34..66;5532;7042;6773;57222,64;0,0;100,0;3,83
151..200;201..250;random;default_rebalance_with_deposit;67..99;5532;7043;6774;57222,64;0,0;100,0;2,92
151..200;201..250;random;default_rebalance_with_deposit;100..200;5532;7044;6775;57222,64;0,0;100,0;1,84
151..200;201..250;random;default_rebalance_with_withdrawal;1..33;5532;7045;6776;57222,64;0,0;100,0;2,87
151..200;201..250;random;default_rebalance_with_withdrawal;34..66;5532;7046;6777;57222,64;0,0;100,0;3,98
151..200;201..250;random;default_rebalance_with_withdrawal;67..99;5532;7047;6778;57222,64;0,0;100,0;2,61
151..200;201..250;random;contribution_rebalance;1..33;5532;7048;6779;57222,64;48917,05;14,51;2,03
151..200;201..250;random;contribution_rebalance;34..66;5532;7049;6780;57222,64;35879,63;37,29;1,84
151..200;201..250;random;contribution_rebalance;67..99;5532;7050;6781;57222,64;28749,01;49,75;1,87
151..200;201..250;random;contribution_rebalance;100..200;5532;7051;6782;57222,64;21161,33;63,01;3,99
201..250;2..50;random;default_rebalance;-;5533;7052;6783;341870,01;0,0;100,0;2,02
201..250;2..50;random;default_rebalance_with_deposit;1..33;5533;7053;6784;341870,01;0,0;100,0;2,39
201..250;2..50;random;default_rebalance_with_deposit;34..66;5533;7054;6785;341870,01;0,0;100,0;3,29
201..250;2..50;random;default_rebalance_with_deposit;67..99;5533;7055;6786;341870,01;0,0;100,0;1,95
201..250;2..50;random;default_rebalance_with_deposit;100..200;5533;7056;6787;341870,01;0,0;100,0;3,22
201..250;2..50;random;default_rebalance_with_withdrawal;1..33;5533;7057;6788;341870,01;0,0;100,0;2,65
201..250;2..50;random;default_rebalance_with_withdrawal;34..66;5533;7058;6789;341870,01;0,0;100,0;2,03
201..250;2..50;random;default_rebalance_with_withdrawal;67..99;5533;7059;6790;341870,01;0,0;100,0;3,91
201..250;2..50;random;contribution_rebalance;1..33;5533;7060;6791;341870,01;338396,78;1,01;4,18
201..250;2..50;random;contribution_rebalance;34..66;5533;7061;6792;341870,01;209498,21;38,71;1,93
201..250;2..50;random;contribution_rebalance;67..99;5533;7062;6793;341870,01;191112,55;44,09;2,23
201..250;2..50;random;contribution_rebalance;100..200;5533;7063;6794;341870,01;117113,71;65,74;3,47
201..250;51..100;random;default_rebalance;-;5534;7064;6795;67739,58;0,0;100,0;4,17
201..250;51..100;random;default_rebalance_with_deposit;1..33;5534;7065;6796;67739,58;0,0;100,0;2,2
201..250;51..100;random;default_rebalance_with_deposit;34..66;5534;7066;6797;67739,58;0,0;100,0;2,73
201..250;51..100;random;default_rebalance_with_deposit;67..99;5534;7067;6798;67739,58;0,0;100,0;3,59
201..250;51..100;random;default_rebalance_with_deposit;100..200;5534;7068;6799;67739,58;0,0;100,0;2,3
201..250;51..100;random;default_rebalance_with_withdrawal;1..33;5534;7069;6800;67739,58;0,0;100,0;4,63
201..250;51..100;random;default_rebalance_with_withdrawal;34..66;5534;7070;6801;67739,58;0,0;100,0;2,18
201..250;51..100;random;default_rebalance_with_withdrawal;67..99;5534;7071;6802;67739,58;0,0;100,0;3,26
201..250;51..100;random;contribution_rebalance;1..33;5534;7072;6803;67739,58;60123,57;11,24;3,16
201..250;51..100;random;contribution_rebalance;34..66;5534;7073;6804;67739,58;40124,68;40,76;2,25
201..250;51..100;random;contribution_rebalance;67..99;5534;7074;6805;67739,58;30671,84;54,72;4,17
201..250;51..100;random;contribution_rebalance;100..200;5534;7075;6806;67739,58;30312,77;55,25;2,24
201..250;101..150;random;default_rebalance;-;5535;7076;6807;73135,93;0,0;100,0;2,28
201..250;101..150;random;default_rebalance_with_deposit;1..33;5535;7077;6808;73135,93;0,0;100,0;2,54
201..250;101..150;random;default_rebalance_with_deposit;34..66;5535;7078;6809;73135,93;0,0;100,0;4,72
201..250;101..150;random;default_rebalance_with_deposit;67..99;5535;7079;6810;73135,93;0,0;100,0;3,12
201..250;101..150;random;default_rebalance_with_deposit;100..200;5535;7080;6811;73135,93;0,0;100,0;2,22
201..250;101..150;random;default_rebalance_with_withdrawal;1..33;5535;7081;6812;73135,93;0,0;100,0;4,35
201..250;101..150;random;default_rebalance_with_withdrawal;34..66;5535;7082;6813;73135,93;0,0;100,0;2,31
201..250;101..150;random;default_rebalance_with_withdrawal;67..99;5535;7083;6814;73135,93;0,0;100,0;3,79
201..250;101..150;random;contribution_rebalance;1..33;5535;7084;6815;73135,93;55144,58;24,59;2,52
201..250;101..150;random;contribution_rebalance;34..66;5535;7085;6816;73135,93;44530,88;39,11;2,53
201..250;101..150;random;contribution_rebalance;67..99;5535;7086;6817;73135,93;36207,67;50,49;4,92
201..250;101..150;random;contribution_rebalance;100..200;5535;7087;6818;73135,93;23090,57;68,42;3,34
201..250;151..200;random;default_rebalance;-;5536;7088;6819;49543,46;0,0;100,0;3,45
201..250;151..200;random;default_rebalance_with_deposit;1..33;5536;7089;6820;49543,46;0,0;100,0;2,28
201..250;151..200;random;default_rebalance_with_deposit;34..66;5536;7090;6821;49543,46;0,0;100,0;4,76
201..250;151..200;random;default_rebalance_with_deposit;67..99;5536;7091;6822;49543,46;0,0;100,0;4,0
201..250;151..200;random;default_rebalance_with_deposit;100..200;5536;7092;6823;49543,46;0,0;100,0;2,25
201..250;151..200;random;default_rebalance_with_withdrawal;1..33;5536;7093;6824;49543,46;0,0;100,0;4,21
201..250;151..200;random;default_rebalance_with_withdrawal;34..66;5536;7094;6825;49543,46;0,0;100,0;4,46
201..250;151..200;random;default_rebalance_with_withdrawal;67..99;5536;7095;6826;49543,46;0,0;100,0;2,3
201..250;151..200;random;contribution_rebalance;1..33;5536;7096;6827;49543,46;35496,69;28,35;4,03
201..250;151..200;random;contribution_rebalance;34..66;5536;7097;6828;49543,46;30486,9;38,46;2,51
201..250;151..200;random;contribution_rebalance;67..99;5536;7098;6829;49543,46;22608,58;54,36;3,3
201..250;151..200;random;contribution_rebalance;100..200;5536;7099;6830;49543,46;11597,51;76,59;4,92
201..250;201..250;random;default_rebalance;-;5537;7100;6831;49952,35;0,0;100,0;3,35
201..250;201..250;random;default_rebalance_with_deposit;1..33;5537;7101;6832;49952,35;0,0;100,0;3,28
201..250;201..250;random;default_rebalance_with_deposit;34..66;5537;7102;6833;49952,35;0,0;100,0;2,69
201..250;201..250;random;default_rebalance_with_deposit;67..99;5537;7103;6834;49952,35;0,0;100,0;4,01
201..250;201..250;random;default_rebalance_with_deposit;100..200;5537;7104;6835;49952,35;0,0;100,0;2,33
201..250;201..250;random;default_rebalance_with_withdrawal;1..33;5537;7105;6836;49952,35;0,0;100,0;4,67
201..250;201..250;random;default_rebalance_with_withdrawal;34..66;5537;7106;6837;49952,35;0,0;100,0;2,36
201..250;201..250;random;default_rebalance_with_withdrawal;67..99;5537;7107;6838;49952,35;0,0;100,0;3,78
201..250;201..250;random;contribution_rebalance;1..33;5537;7108;6839;49952,35;38829,99;22,26;2,72
201..250;201..250;random;contribution_rebalance;34..66;5537;7109;6840;49952,35;27030,3;45,88;3,12
201..250;201..250;random;contribution_rebalance;67..99;5537;7110;6841;49952,35;26410,28;47,12;3,46
201..250;201..250;random;contribution_rebalance;100..200;5537;7111;6842;49952,35;13529,23;72,91;2,58
2..50;2..50;uniform;default_rebalance;-;5538;7112;6843;3593,26;0,0;100,0;0,83
2..50;2..50;uniform;default_rebalance_with_deposit;1..33;5538;7113;6844;3593,26;0,0;100,0;0,84
2..50;2..50;uniform;default_rebalance_with_deposit;34..66;5538;7114;6845;3593,26;0,0;100,0;0,51
2..50;2..50;uniform;default_rebalance_with_deposit;67..99;5538;7115;6846;3593,26;0,0;100,0;0,37
2..50;2..50;uniform;default_rebalance_with_deposit;100..200;5538;7116;6847;3593,26;0,0;100,0;0,38
2..50;2..50;uniform;default_rebalance_with_withdrawal;1..33;5538;7117;6848;3593,26;0,0;100,0;0,39
2..50;2..50;uniform;default_rebalance_with_withdrawal;34..66;5538;7118;6849;3593,26;0,0;100,0;0,37
2..50;2..50;uniform;default_rebalance_with_withdrawal;67..99;5538;7119;6850;3593,26;0,0;100,0;0,39
2..50;2..50;uniform;contribution_rebalance;1..33;5538;7120;6851;3593,26;3531,94;1,7;0,39
2..50;2..50;uniform;contribution_rebalance;34..66;5538;7121;6852;3593,26;1564,48;56,46;0,39
2..50;2..50;uniform;contribution_rebalance;67..99;5538;7122;6853;3593,26;1062,3;70,43;0,39
2..50;2..50;uniform;contribution_rebalance;100..200;5538;7123;6854;3593,26;537,45;85,04;0,63
2..50;51..100;uniform;default_rebalance;-;5539;7124;6855;4630,05;0,0;100,0;0,93
2..50;51..100;uniform;default_rebalance_with_deposit;1..33;5539;7125;6856;4630,05;0,0;100,0;0,92
2..50;51..100;uniform;default_rebalance_with_deposit;34..66;5539;7126;6857;4630,05;0,0;100,0;0,68
2..50;51..100;uniform;default_rebalance_with_deposit;67..99;5539;7127;6858;4630,05;0,0;100,0;0,48
2..50;51..100;uniform;default_rebalance_with_deposit;100..200;5539;7128;6859;4630,05;0,0;100,0;0,44
2..50;51..100;uniform;default_rebalance_with_withdrawal;1..33;5539;7129;6860;4630,05;0,0;100,0;0,45
2..50;51..100;uniform;default_rebalance_with_withdrawal;34..66;5539;7130;6861;4630,05;0,0;100,0;0,43
2..50;51..100;uniform;default_rebalance_with_withdrawal;67..99;5539;7131;6862;4630,05;0,0;100,0;0,43
2..50;51..100;uniform;contribution_rebalance;1..33;5539;7132;6863;4630,05;3490,07;24,62;0,45
2..50;51..100;uniform;contribution_rebalance;34..66;5539;7133;6864;4630,05;2392,5;48,32;0,43
2..50;51..100;uniform;contribution_rebalance;67..99;5539;7134;6865;4630,05;1743,66;62,34;0,65
2..50;51..100;uniform;contribution_rebalance;100..200;5539;7135;6866;4630,05;1382,18;70,14;0,94
2..50;101..150;uniform;default_rebalance;-;5540;7136;6867;2061,8;0,0;100,0;0,4
2..50;101..150;uniform;default_rebalance_with_deposit;1..33;5540;7137;6868;2061,8;0,0;100,0;0,4
2..50;101..150;uniform;default_rebalance_with_deposit;34..66;5540;7138;6869;2061,8;0,0;100,0;0,48
2..50;101..150;uniform;default_rebalance_with_deposit;67..99;5540;7139;6870;2061,8;0,0;100,0;0,37
2..50;101..150;uniform;default_rebalance_with_deposit;100..200;5540;7140;6871;2061,8;0,0;100,0;0,25
2..50;101..150;uniform;default_rebalance_with_withdrawal;1..33;5540;7141;6872;2061,8;0,0;100,0;0,19
2..50;101..150;uniform;default_rebalance_with_withdrawal;34..66;5540;7142;6873;2061,8;0,0;100,0;0,17
2..50;101..150;uniform;default_rebalance_with_withdrawal;67..99;5540;7143;6874;2061,8;0,0;100,0;0,18
2..50;101..150;uniform;contribution_rebalance;1..33;5540;7144;6875;2061,8;1626,16;21,12;0,18
2..50;101..150;uniform;contribution_rebalance;34..66;5540;7145;6876;2061,8;1383,0;32,92;0,16
2..50;101..150;uniform;contribution_rebalance;67..99;5540;7146;6877;2061,8;917,88;55,48;0,18
2..50;101..150;uniform;contribution_rebalance;100..200;5540;7147;6878;2061,8;808,67;60,77;0,17
2..50;151..200;uniform;default_rebalance;-;5541;7148;6879;1582,05;0,0;100,0;0,15
2..50;151..200;uniform;default_rebalance_with_deposit;1..33;5541;7149;6880;1582,05;0,0;100,0;0,16
2..50;151..200;uniform;default_rebalance_with_deposit;34..66;5541;7150;6881;1582,05;0,0;100,0;0,15
2..50;151..200;uniform;default_rebalance_with_deposit;67..99;5541;7151;6882;1582,05;0,0;100,0;0,16
2..50;151..200;uniform;default_rebalance_with_deposit;100..200;5541;7152;6883;1582,05;0,0;100,0;0,16
2..50;151..200;uniform;default_rebalance_with_withdrawal;1..33;5541;7153;6884;1582,05;0,0;100,0;0,15
2..50;151..200;uniform;default_rebalance_with_withdrawal;34..66;5541;7154;6885;1582,05;0,0;100,0;0,15
2..50;151..200;uniform;default_rebalance_with_withdrawal;67..99;5541;7155;6886;1582,05;0,0;100,0;0,15
2..50;151..200;uniform;contribution_rebalance;1..33;5541;7156;6887;1582,05;1362,13;13,9;0,16
2..50;151..200;uniform;contribution_rebalance;34..66;5541;7157;6888;1582,05;650,2;58,9;0,16
2..50;151..200;uniform;contribution_rebalance;67..99;5541;7158;6889;1582,05;506,75;67,96;0,16
2..50;151..200;uniform;contribution_rebalance;100..200;5541;7159;6890;1582,05;330,63;79,1;0,17
2..50;201..250;uniform;default_rebalance;-;5542;7160;6891;2440,99;0,0;100,0;0,56
2..50;201..250;uniform;default_rebalance_with_deposit;1..33;5542;7161;6892;2440,99;0,0;100,0;0,61
2..50;201..250;uniform;default_rebalance_with_deposit;34..66;5542;7162;6893;2440,99;0,0;100,0;0,56
2..50;201..250;uniform;default_rebalance_with_deposit;67..99;5542;7163;6894;2440,99;0,0;100,0;0,61
2..50;201..250;uniform;default_rebalance_with_deposit;100..200;5542;7164;6895;2440,99;0,0;100,0;0,56
2..50;201..250;uniform;default_rebalance_with_withdrawal;1..33;5542;7165;6896;2440,99;0,0;100,0;0,56
2..50;201..250;uniform;default_rebalance_with_withdrawal;34..66;5542;7166;6897;2440,99;0,0;100,0;0,58
2..50;201..250;uniform;default_rebalance_with_withdrawal;67..99;5542;7167;6898;2440,99;0,0;100,0;0,6
2..50;201..250;uniform;contribution_rebalance;1..33;5542;7168;6899;2440,99;2056,85;15,73;0,59
2..50;201..250;uniform;contribution_rebalance;34..66;5542;7169;6900;2440,99;1038,29;57,46;0,6
2..50;201..250;uniform;contribution_rebalance;67..99;5542;7170;6901;2440,99;772,75;68,34;0,59
2..50;201..250;uniform;contribution_rebalance;100..200;5542;7171;6902;2440,99;206,27;91,54;0,39
51..100;2..50;uniform;default_rebalance;-;5543;7172;6903;10664,65;0,0;100,0;0,94
51..100;2..50;uniform;default_rebalance_with_deposit;1..33;5543;7173;6904;10664,65;0,0;100,0;0,93
51..100;2..50;uniform;default_rebalance_with_deposit;34..66;5543;7174;6905;10664,65;0,0;100,0;1,15
51..100;2..50;uniform;default_rebalance_with_deposit;67..99;5543;7175;6906;10664,65;0,0;100,0;2,15
51..100;2..50;uniform;default_rebalance_with_deposit;100..200;5543;7176;6907;10664,65;0,0;100,0;2,01
51..100;2..50;uniform;default_rebalance_with_withdrawal;1..33;5543;7177;6908;10664,65;0,0;100,0;2,07
51..100;2..50;uniform;default_rebalance_with_withdrawal;34..66;5543;7178;6909;10664,65;0,0;100,0;1,3
51..100;2..50;uniform;default_rebalance_with_withdrawal;67..99;5543;7179;6910;10664,65;0,0;100,0;0,96
51..100;2..50;uniform;contribution_rebalance;1..33;5543;7180;6911;10664,65;7711,61;27,68;0,94
51..100;2..50;uniform;contribution_rebalance;34..66;5543;7181;6912;10664,65;5789,88;45,7;0,98
51..100;2..50;uniform;contribution_rebalance;67..99;5543;7182;6913;10664,65;4276,71;59,89;2,07
51..100;2..50;uniform;contribution_rebalance;100..200;5543;7183;6914;10664,65;2416,64;77,33;2,0
51..100;51..100;uniform;default_rebalance;-;5544;7184;6915;7407,78;0,0;100,0;0,67
51..100;51..100;uniform;default_rebalance_with_deposit;1..33;5544;7185;6916;7407,78;0,0;100,0;0,64
51..100;51..100;uniform;default_rebalance_with_deposit;34..66;5544;7186;6917;7407,78;0,0;100,0;0,66
51..100;51..100;uniform;default_rebalance_with_deposit;67..99;5544;7187;6918;7407,78;0,0;100,0;0,62
51..100;51..100;uniform;default_rebalance_with_deposit;100..200;5544;7188;6919;7407,78;0,0;100,0;1,24
51..100;51..100;uniform;default_rebalance_with_withdrawal;1..33;5544;7189;6920;7407,78;0,0;100,0;1,4
51..100;51..100;uniform;default_rebalance_with_withdrawal;34..66;5544;7190;6921;7407,78;0,0;100,0;1,43
51..100;51..100;uniform;default_rebalance_with_withdrawal;67..99;5544;7191;6922;7407,78;0,0;100,0;0,64
51..100;51..100;uniform;contribution_rebalance;1..33;5544;7192;6923;7407,78;6879,05;7,13;0,63
51..100;51..100;uniform;contribution_rebalance;34..66;5544;7193;6924;7407,78;4183,97;43,51;0,65
51..100;51..100;uniform;contribution_rebalance;67..99;5544;7194;6925;7407,78;2918,95;60,59;0,64
51..100;51..100;uniform;contribution_rebalance;100..200;5544;7195;6926;7407,78;2202,15;70,27;0,67
51..100;101..150;uniform;default_rebalance;-;5545;7196;6927;7645,65;0,0;100,0;1,6
51..100;101..150;uniform;default_rebalance_with_deposit;1..33;5545;7197;6928;7645,65;0,0;100,0;1,28
51..100;101..150;uniform;default_rebalance_with_deposit;34..66;5545;7198;6929;7645,65;0,0;100,0;0,77
51..100;101..150;uniform;default_rebalance_with_deposit;67..99;5545;7199;6930;7645,65;0,0;100,0;0,76
51..100;101..150;uniform;default_rebalance_with_deposit;100..200;5545;7200;6931;7645,65;0,0;100,0;0,76
51..100;101..150;uniform;default_rebalance_with_withdrawal;1..33;5545;7201;6932;7645,65;0,0;100,0;0,75
51..100;101..150;uniform;default_rebalance_with_withdrawal;34..66;5545;7202;6933;7645,65;0,0;100,0;1,39
51..100;101..150;uniform;default_rebalance_with_withdrawal;67..99;5545;7203;6934;7645,65;0,0;100,0;1,64
51..100;101..150;uniform;contribution_rebalance;1..33;5545;7204;6935;7645,65;5473,6;28,4;1,24
51..100;101..150;uniform;contribution_rebalance;34..66;5545;7205;6936;7645,65;3800,85;50,28;0,77
51..100;101..150;uniform;contribution_rebalance;67..99;5545;7206;6937;7645,65;2858,57;62,61;0,78
51..100;101..150;uniform;contribution_rebalance;100..200;5545;7207;6938;7645,65;2480,07;67,56;0,76
51..100;151..200;uniform;default_rebalance;-;5546;7208;6939;8396,19;0,0;100,0;1,35
51..100;151..200;uniform;default_rebalance_with_deposit;1..33;5546;7209;6940;8396,19;0,0;100,0;1,5
51..100;151..200;uniform;default_rebalance_with_deposit;34..66;5546;7210;6941;8396,19;0,0;100,0;1,25
51..100;151..200;uniform;default_rebalance_with_deposit;67..99;5546;7211;6942;8396,19;0,0;100,0;0,7
51..100;151..200;uniform;default_rebalance_with_deposit;100..200;5546;7212;6943;8396,19;0,0;100,0;0,71
51..100;151..200;uniform;default_rebalance_with_withdrawal;1..33;5546;7213;6944;8396,19;0,0;100,0;0,77
51..100;151..200;uniform;default_rebalance_with_withdrawal;34..66;5546;7214;6945;8396,19;0,0;100,0;0,7
51..100;151..200;uniform;default_rebalance_with_withdrawal;67..99;5546;7215;6946;8396,19;0,0;100,0;0,83
51..100;151..200;uniform;contribution_rebalance;1..33;5546;7216;6947;8396,19;5830,57;30,55;1,51
51..100;151..200;uniform;contribution_rebalance;34..66;5546;7217;6948;8396,19;5283,16;37,07;1,52
51..100;151..200;uniform;contribution_rebalance;67..99;5546;7218;6949;8396,19;3198,12;61,9;0,8
51..100;151..200;uniform;contribution_rebalance;100..200;5546;7219;6950;8396,19;1649,74;80,35;0,71
51..100;201..250;uniform;default_rebalance;-;5547;7220;6951;6903,55;0,0;100,0;0,76
51..100;201..250;uniform;default_rebalance_with_deposit;1..33;5547;7221;6952;6903,55;0,0;100,0;0,72
51..100;201..250;uniform;default_rebalance_with_deposit;34..66;5547;7222;6953;6903,55;0,0;100,0;1,52
51..100;201..250;uniform;default_rebalance_with_deposit;67..99;5547;7223;6954;6903,55;0,0;100,0;1,52
51..100;201..250;uniform;default_rebalance_with_deposit;100..200;5547;7224;6955;6903,55;0,0;100,0;1,03
51..100;201..250;uniform;default_rebalance_with_withdrawal;1..33;5547;7225;6956;6903,55;0,0;100,0;0,72
51..100;201..250;uniform;default_rebalance_with_withdrawal;34..66;5547;7226;6957;6903,55;0,0;100,0;0,73
51..100;201..250;uniform;default_rebalance_with_withdrawal;67..99;5547;7227;6958;6903,55;0,0;100,0;0,79
51..100;201..250;uniform;contribution_rebalance;1..33;5547;7228;6959;6903,55;6792,81;1,6;0,73
51..100;201..250;uniform;contribution_rebalance;34..66;5547;7229;6960;6903,55;3643,67;47,22;1,34
51..100;201..250;uniform;contribution_rebalance;67..99;5547;7230;6961;6903,55;2585,44;62,54;1,53
51..100;201..250;uniform;contribution_rebalance;100..200;5547;7231;6962;6903,55;1437,44;79,17;1,33
101..150;2..50;uniform;default_rebalance;-;5548;7232;6963;9661,37;0,0;100,0;0,94
101..150;2..50;uniform;default_rebalance_with_deposit;1..33;5548;7233;6964;9661,37;0,0;100,0;0,9
101..150;2..50;uniform;default_rebalance_with_deposit;34..66;5548;7234;6965;9661,37;0,0;100,0;1,38
101..150;2..50;uniform;default_rebalance_with_deposit;67..99;5548;7235;6966;9661,37;0,0;100,0;2,04
101..150;2..50;uniform;default_rebalance_with_deposit;100..200;5548;7236;6967;9661,37;0,0;100,0;1,28
101..150;2..50;uniform;default_rebalance_with_withdrawal;1..33;5548;7237;6968;9661,37;0,0;100,0;0,91
101..150;2..50;uniform;default_rebalance_with_withdrawal;34..66;5548;7238;6969;9661,37;0,0;100,0;0,92
101..150;2..50;uniform;default_rebalance_with_withdrawal;67..99;5548;7239;6970;9661,37;0,0;100,0;0,92
101..150;2..50;uniform;contribution_rebalance;1..33;5548;7240;6971;9661,37;6567,85;32,01;1,74
101..150;2..50;uniform;contribution_rebalance;34..66;5548;7241;6972;9661,37;4655,35;51,81;2,03
101..150;2..50;uniform;contribution_rebalance;67..99;5548;7242;6973;9661,37;3750,57;61,17;0,91
101..150;2..50;uniform;contribution_rebalance;100..200;5548;7243;6974;9661,37;1563,75;83,81;0,93
101..150;51..100;uniform;default_rebalance;-;5549;7244;6975;11408,56;0,0;100,0;1,8
101..150;51..100;uniform;default_rebalance_with_deposit;1..33;5549;7245;6976;11408,56;0,0;100,0;2,43
101..150;51..100;uniform;default_rebalance_with_deposit;34..66;5549;7246;6977;11408,56;0,0;100,0;1,18
101..150;51..100;uniform;default_rebalance_with_deposit;67..99;5549;7247;6978;11408,56;0,0;100,0;1,18
101..150;51..100;uniform;default_rebalance_with_deposit;100..200;5549;7248;6979;11408,56;0,0;100,0;1,17
101..150;51..100;uniform;default_rebalance_with_withdrawal;1..33;5549;7249;6980;11408,56;0,0;100,0;2,28
101..150;51..100;uniform;default_rebalance_with_withdrawal;34..66;5549;7250;6981;11408,56;0,0;100,0;2,49
101..150;51..100;uniform;default_rebalance_with_withdrawal;67..99;5549;7251;6982;11408,56;0,0;100,0;2,45
101..150;51..100;uniform;contribution_rebalance;1..33;5549;7252;6983;11408,56;7092,8;37,82;1,35
101..150;51..100;uniform;contribution_rebalance;34..66;5549;7253;6984;11408,56;5082,71;55,44;1,15
101..150;51..100;uniform;contribution_rebalance;67..99;5549;7254;6985;11408,56;3828,23;66,44;1,15
101..150;51..100;uniform;contribution_rebalance;100..200;5549;7255;6986;11408,56;1762,88;84,54;1,97
101..150;101..150;uniform;default_rebalance;-;5550;7256;6987;14217,02;0,0;100,0;1,3
101..150;101..150;uniform;default_rebalance_with_deposit;1..33;5550;7257;6988;14217,02;0,0;100,0;1,17
101..150;101..150;uniform;default_rebalance_with_deposit;34..66;5550;7258;6989;14217,02;0,0;100,0;1,22
101..150;101..150;uniform;default_rebalance_with_deposit;67..99;5550;7259;6990;14217,02;0,0;100,0;2,52
101..150;101..150;uniform;default_rebalance_with_deposit;100..200;5550;7260;6991;14217,02;0,0;100,0;1,73
101..150;101..150;uniform;default_rebalance_with_withdrawal;1..33;5550;7261;6992;14217,02;0,0;100,0;1,3
101..150;101..150;uniform;default_rebalance_with_withdrawal;34..66;5550;7262;6993;14217,02;0,0;100,0;1,31
101..150;101..150;uniform;default_rebalance_with_withdrawal;67..99;5550;7263;6994;14217,02;0,0;100,0;2,43
101..150;101..150;uniform;contribution_rebalance;1..33;5550;7264;6995;14217,02;10002,83;29,64;2,25
101..150;101..150;uniform;contribution_rebalance;34..66;5550;7265;6996;14217,02;7940,9;44,14;1,19
101..150;101..150;uniform;contribution_rebalance;67..99;5550;7266;6997;14217,02;6367,68;55,21;1,24
101..150;101..150;uniform;contribution_rebalance;100..200;5550;7267;6998;14217,02;4370,92;69,25;1,75
101..150;151..200;uniform;default_rebalance;-;5551;7268;6999;13642,9;0,0;100,0;1,26
101..150;151..200;uniform;default_rebalance_with_deposit;1..33;5551;7269;7000;13642,9;0,0;100,0;1,15
101..150;151..200;uniform;default_rebalance_with_deposit;34..66;5551;7270;7001;13642,9;0,0;100,0;1,17
101..150;151..200;uniform;default_rebalance_with_deposit;67..99;5551;7271;7002;13642,9;0,0;100,0;2,31
101..150;151..200;uniform;default_rebalance_with_deposit;100..200;5551;7272;7003;13642,9;0,0;100,0;2,18
101..150;151..200;uniform;default_rebalance_with_withdrawal;1..33;5551;7273;7004;13642,9;0,0;100,0;1,15
101..150;151..200;uniform;default_rebalance_with_withdrawal;34..66;5551;7274;7005;13642,9;0,0;100,0;1,26
101..150;151..200;uniform;default_rebalance_with_withdrawal;67..99;5551;7275;7006;13642,9;0,0;100,0;1,41
101..150;151..200;uniform;contribution_rebalance;1..33;5551;7276;7007;13642,9;11252,6;17,52;2,56
101..150;151..200;uniform;contribution_rebalance;34..66;5551;7277;7008;13642,9;8699,18;36,23;1,39
101..150;151..200;uniform;contribution_rebalance;67..99;5551;7278;7009;13642,9;6938,63;49,14;1,23
101..150;151..200;uniform;contribution_rebalance;100..200;5551;7279;7010;13642,9;3762,17;72,42;1,17
101..150;201..250;uniform;default_rebalance;-;5552;7280;7011;13221,62;0,0;100,0;2,31
101..150;201..250;uniform;default_rebalance_with_deposit;1..33;5552;7281;7012;13221,62;0,0;100,0;1,04
101..150;201..250;uniform;default_rebalance_with_deposit;34..66;5552;7282;7013;13221,62;0,0;100,0;1,05
101..150;201..250;uniform;default_rebalance_with_deposit;67..99;5552;7283;7014;13221,62;0,0;100,0;1,16
101..150;201..250;uniform;default_rebalance_with_deposit;100..200;5552;7284;7015;13221,62;0,0;100,0;1,91
101..150;201..250;uniform;default_rebalance_with_withdrawal;1..33;5552;7285;7016;13221,62;0,0;100,0;2,32
101..150;201..250;uniform;default_rebalance_with_withdrawal;34..66;5552;7286;7017;13221,62;0,0;100,0;2,22
101..150;201..250;uniform;default_rebalance_with_withdrawal;67..99;5552;7287;7018;13221,62;0,0;100,0;1,91
101..150;201..250;uniform;contribution_rebalance;1..33;5552;7288;7019;13221,62;9743,75;26,3;1,22
101..150;201..250;uniform;contribution_rebalance;34..66;5552;7289;7020;13221,62;9015,29;31,81;1,13
101..150;201..250;uniform;contribution_rebalance;67..99;5552;7290;7021;13221,62;5753,97;56,48;1,46
101..150;201..250;uniform;contribution_rebalance;100..200;5552;7291;7022;13221,62;4674,73;64,64;2,42
151..200;2..50;uniform;default_rebalance;-;5553;7292;7023;18457,21;0,0;100,0;1,37
151..200;2..50;uniform;default_rebalance_with_deposit;1..33;5553;7293;7024;18457,21;0,0;100,0;1,61
151..200;2..50;uniform;default_rebalance_with_deposit;34..66;5553;7294;7025;18457,21;0,0;100,0;2,97
151..200;2..50;uniform;default_rebalance_with_deposit;67..99;5553;7295;7026;18457,21;0,0;100,0;1,5
151..200;2..50;uniform;default_rebalance_with_deposit;100..200;5553;7296;7027;18457,21;0,0;100,0;1,43
151..200;2..50;uniform;default_rebalance_with_withdrawal;1..33;5553;7297;7028;18457,21;0,0;100,0;2,07
151..200;2..50;uniform;default_rebalance_with_withdrawal;34..66;5553;7298;7029;18457,21;0,0;100,0;2,85
151..200;2..50;uniform;default_rebalance_with_withdrawal;67..99;5553;7299;7030;18457,21;0,0;100,0;1,47
151..200;2..50;uniform;contribution_rebalance;1..33;5553;7300;7031;18457,21;17973,66;2,61;1,4
151..200;2..50;uniform;contribution_rebalance;34..66;5553;7301;7032;18457,21;9547,11;48,27;2,49
151..200;2..50;uniform;contribution_rebalance;67..99;5553;7302;7033;18457,21;8493,66;53,98;3,08
151..200;2..50;uniform;contribution_rebalance;100..200;5553;7303;7034;18457,21;5785,83;68,65;2,76
151..200;51..100;uniform;default_rebalance;-;5554;7304;7035;16754,13;0,0;100,0;1,5
151..200;51..100;uniform;default_rebalance_with_deposit;1..33;5554;7305;7036;16754,13;0,0;100,0;2,97
151..200;51..100;uniform;default_rebalance_with_deposit;34..66;5554;7306;7037;16754,13;0,0;100,0;2,03
151..200;51..100;uniform;default_rebalance_with_deposit;67..99;5554;7307;7038;16754,13;0,0;100,0;1,46
151..200;51..100;uniform;default_rebalance_with_deposit;100..200;5554;7308;7039;16754,13;0,0;100,0;1,7
151..200;51..100;uniform;default_rebalance_with_withdrawal;1..33;5554;7309;7040;16754,13;0,0;100,0;3,01
151..200;51..100;uniform;default_rebalance_with_withdrawal;34..66;5554;7310;7041;16754,13;0,0;100,0;1,48
151..200;51..100;uniform;default_rebalance_with_withdrawal;67..99;5554;7311;7042;16754,13;0,0;100,0;1,46
151..200;51..100;uniform;contribution_rebalance;1..33;5554;7312;7043;16754,13;11244,38;32,88;1,51
151..200;51..100;uniform;contribution_rebalance;34..66;5554;7313;7044;16754,13;9036,07;46,06;1,48
151..200;51..100;uniform;contribution_rebalance;67..99;5554;7314;7045;16754,13;6167,82;63,18;1,47
151..200;51..100;uniform;contribution_rebalance;100..200;5554;7315;7046;16754,13;3556,15;78,77;3,22
151..200;101..150;uniform;default_rebalance;-;5555;7316;7047;14759,48;0,0;100,0;1,46
151..200;101..150;uniform;default_rebalance_with_deposit;1..33;5555;7317;7048;14759,48;0,0;100,0;2,27
151..200;101..150;uniform;default_rebalance_with_deposit;34..66;5555;7318;7049;14759,48;0,0;100,0;2,77
151..200;101..150;uniform;default_rebalance_with_deposit;67..99;5555;7319;7050;14759,48;0,0;100,0;1,5
151..200;101..150;uniform;default_rebalance_with_deposit;100..200;5555;7320;7051;14759,48;0,0;100,0;1,52
151..200;101..150;uniform;default_rebalance_with_withdrawal;1..33;5555;7321;7052;14759,48;0,0;100,0;2,92
151..200;101..150;uniform;default_rebalance_with_withdrawal;34..66;5555;7322;7053;14759,48;0,0;100,0;3,15
151..200;101..150;uniform;default_rebalance_with_withdrawal;67..99;5555;7323;7054;14759,48;0,0;100,0;2,4
151..200;101..150;uniform;contribution_rebalance;1..33;5555;7324;7055;14759,48;10946,91;25,83;1,47
151..200;101..150;uniform;contribution_rebalance;34..66;5555;7325;7056;14759,48;6856,25;53,54;1,5
151..200;101..150;uniform;contribution_rebalance;67..99;5555;7326;7057;14759,48;6573,65;55,46;3,15
151..200;101..150;uniform;contribution_rebalance;100..200;5555;7327;7058;14759,48;2817,65;80,9;1,69
151..200;151..200;uniform;default_rebalance;-;5556;7328;7059;16745,97;0,0;100,0;1,7
151..200;151..200;uniform;default_rebalance_with_deposit;1..33;5556;7329;7060;16745,97;0,0;100,0;1,61
151..200;151..200;uniform;default_rebalance_with_deposit;34..66;5556;7330;7061;16745,97;0,0;100,0;1,91
151..200;151..200;uniform;default_rebalance_with_deposit;67..99;5556;7331;7062;16745,97;0,0;100,0;3,26
151..200;151..200;uniform;default_rebalance_with_deposit;100..200;5556;7332;7063;16745,97;0,0;100,0;1,57
151..200;151..200;uniform;default_rebalance_with_withdrawal;1..33;5556;7333;7064;16745,97;0,0;100,0;1,55
151..200;151..200;uniform;default_rebalance_with_withdrawal;34..66;5556;7334;7065;16745,97;0,0;100,0;2,92
151..200;151..200;uniform;default_rebalance_with_withdrawal;67..99;5556;7335;7066;16745,97;0,0;100,0;2,16
151..200;151..200;uniform;contribution_rebalance;1..33;5556;7336;7067;16745,97;16057,61;4,11;1,45
151..200;151..200;uniform;contribution_rebalance;34..66;5556;7337;7068;16745,97;9883,83;40,97;1,65
151..200;151..200;uniform;contribution_rebalance;67..99;5556;7338;7069;16745,97;7019,17;58,08;3,22
151..200;151..200;uniform;contribution_rebalance;100..200;5556;7339;7070;16745,97;4556,53;72,79;1,53
151..200;201..250;uniform;default_rebalance;-;5557;7340;7071;22637,86;0,0;100,0;4,09
151..200;201..250;uniform;default_rebalance_with_deposit;1..33;5557;7341;7072;22637,86;0,0;100,0;1,86
151..200;201..250;uniform;default_rebalance_with_deposit;34..66;5557;7342;7073;22637,86;0,0;100,0;1,79
151..200;201..250;uniform;default_rebalance_with_deposit;67..99;5557;7343;7074;22637,86;0,0;100,0;4,03
151..200;201..250;uniform;default_rebalance_with_deposit;100..200;5557;7344;7075;22637,86;0,0;100,0;1,88
151..200;201..250;uniform;default_rebalance_with_withdrawal;1..33;5557;7345;7076;22637,86;0,0;100,0;2,14
151..200;201..250;uniform;default_rebalance_with_withdrawal;34..66;5557;7346;7077;22637,86;0,0;100,0;3,67
151..200;201..250;uniform;default_rebalance_with_withdrawal;67..99;5557;7347;7078;22637,86;0,0;100,0;1,91
151..200;201..250;uniform;contribution_rebalance;1..33;5557;7348;7079;22637,86;15625,54;30,97;2,46
151..200;201..250;uniform;contribution_rebalance;34..66;5557;7349;7080;22637,86;12105,27;46,52;3,27
151..200;201..250;uniform;contribution_rebalance;67..99;5557;7350;7081;22637,86;11738,71;48,14;2,01
151..200;201..250;uniform;contribution_rebalance;100..200;5557;7351;7082;22637,86;8913,02;60,62;3,03
201..250;2..50;uniform;default_rebalance;-;5558;7352;7083;30803,52;0,0;100,0;3,06
201..250;2..50;uniform;default_rebalance_with_deposit;1..33;5558;7353;7084;30803,52;0,0;100,0;4,99
201..250;2..50;uniform;default_rebalance_with_deposit;34..66;5558;7354;7085;30803,52;0,0;100,0;2,76
201..250;2..50;uniform;default_rebalance_with_deposit;67..99;5558;7355;7086;30803,52;0,0;100,0;2,85
201..250;2..50;uniform;default_rebalance_with_deposit;100..200;5558;7356;7087;30803,52;0,0;100,0;3,69
201..250;2..50;uniform;default_rebalance_with_withdrawal;1..33;5558;7357;7088;30803,52;0,0;100,0;2,35
201..250;2..50;uniform;default_rebalance_with_withdrawal;34..66;5558;7358;7089;30803,52;0,0;100,0;4,7
201..250;2..50;uniform;default_rebalance_with_withdrawal;67..99;5558;7359;7090;30803,52;0,0;100,0;2,32
201..250;2..50;uniform;contribution_rebalance;1..33;5558;7360;7091;30803,52;22562,56;26,75;3,89
201..250;2..50;uniform;contribution_rebalance;34..66;5558;7361;7092;30803,52;18610,42;39,58;2,6
201..250;2..50;uniform;contribution_rebalance;67..99;5558;7362;7093;30803,52;13045,67;57,64;3,25
201..250;2..50;uniform;contribution_rebalance;100..200;5558;7363;7094;30803,52;9312,19;69,76;3,37
201..250;51..100;uniform;default_rebalance;-;5559;7364;7095;28370,4;0,0;100,0;2,23
201..250;51..100;uniform;default_rebalance_with_deposit;1..33;5559;7365;7096;28370,4;0,0;100,0;3,02
201..250;51..100;uniform;default_rebalance_with_deposit;34..66;5559;7366;7097;28370,4;0,0;100,0;3,28
201..250;51..100;uniform;default_rebalance_with_deposit;67..99;5559;7367;7098;28370,4;0,0;100,0;2,34
201..250;51..100;uniform;default_rebalance_with_deposit;100..200;5559;7368;7099;28370,4;0,0;100,0;4,95
201..250;51..100;uniform;default_rebalance_with_withdrawal;1..33;5559;7369;7100;28370,4;0,0;100,0;2,27
201..250;51..100;uniform;default_rebalance_with_withdrawal;34..66;5559;7370;7101;28370,4;0,0;100,0;4,01
201..250;51..100;uniform;default_rebalance_with_withdrawal;67..99;5559;7371;7102;28370,4;0,0;100,0;2,38
201..250;51..100;uniform;contribution_rebalance;1..33;5559;7372;7103;28370,4;21728,08;23,41;2,72
201..250;51..100;uniform;contribution_rebalance;34..66;5559;7373;7104;28370,4;14732,7;48,07;3,67
201..250;51..100;uniform;contribution_rebalance;67..99;5559;7374;7105;28370,4;13815,87;51,3;2,26
201..250;51..100;uniform;contribution_rebalance;100..200;5559;7375;7106;28370,4;8781,58;69,04;4,69
201..250;101..150;uniform;default_rebalance;-;5560;7376;7107;19981,3;0,0;100,0;2,39
201..250;101..150;uniform;default_rebalance_with_deposit;1..33;5560;7377;7108;19981,3;0,0;100,0;3,39
201..250;101..150;uniform;default_rebalance_with_deposit;34..66;5560;7378;7109;19981,3;0,0;100,0;1,97
201..250;101..150;uniform;default_rebalance_with_deposit;67..99;5560;7379;7110;19981,3;0,0;100,0;3,12
201..250;101..150;uniform;default_rebalance_with_deposit;100..200;5560;7380;7111;19981,3;0,0;100,0;2,86
201..250;101..150;uniform;default_rebalance_with_withdrawal;1..33;5560;7381;7112;19981,3;0,0;100,0;2,29
201..250;101..150;uniform;default_rebalance_with_withdrawal;34..66;5560;7382;7113;19981,3;0,0;100,0;2,42
201..250;101..150;uniform;default_rebalance_with_withdrawal;67..99;5560;7383;7114;19981,3;0,0;100,0;2,58
201..250;101..150;uniform;contribution_rebalance;1..33;5560;7384;7115;19981,3;12934,64;35,26;2,02
201..250;101..150;uniform;contribution_rebalance;34..66;5560;7385;7116;19981,3;9882,45;50,54;4,47
201..250;101..150;uniform;contribution_rebalance;67..99;5560;7386;7117;19981,3;7282,57;63,55;1,99
201..250;101..150;uniform;contribution_rebalance;100..200;5560;7387;7118;19981,3;5319,78;73,37;2,52
201..250;151..200;uniform;default_rebalance;-;5561;7388;7119;21882,14;0,0;100,0;3,42
201..250;151..200;uniform;default_rebalance_with_deposit;1..33;5561;7389;7120;21882,14;0,0;100,0;2,23
201..250;151..200;uniform;default_rebalance_with_deposit;34..66;5561;7390;7121;21882,14;0,0;100,0;2,26
201..250;151..200;uniform;default_rebalance_with_deposit;67..99;5561;7391;7122;21882,14;0,0;100,0;2,09
201..250;151..200;uniform;default_rebalance_with_deposit;100..200;5561;7392;7123;21882,14;0,0;100,0;4,21
201..250;151..200;uniform;default_rebalance_with_withdrawal;1..33;5561;7393;7124;21882,14;0,0;100,0;2,12
201..250;151..200;uniform;default_rebalance_with_withdrawal;34..66;5561;7394;7125;21882,14;0,0;100,0;3,21
201..250;151..200;uniform;default_rebalance_with_withdrawal;67..99;5561;7395;7126;21882,14;0,0;100,0;2,94
201..250;151..200;uniform;contribution_rebalance;1..33;5561;7396;7127;21882,14;20248,0;7,46;2,06
201..250;151..200;uniform;contribution_rebalance;34..66;5561;7397;7128;21882,14;11447,39;47,68;4,53
201..250;151..200;uniform;contribution_rebalance;67..99;5561;7398;7129;21882,14;8146,79;62,76;3,9
201..250;151..200;uniform;contribution_rebalance;100..200;5561;7399;7130;21882,14;6512,31;70,23;2,17
201..250;201..250;uniform;default_rebalance;-;5562;7400;7131;26694,0;0,0;100,0;2,51
201..250;201..250;uniform;default_rebalance_with_deposit;1..33;5562;7401;7132;26694,0;0,0;100,0;3,61
201..250;201..250;uniform;default_rebalance_with_deposit;34..66;5562;7402;7133;26694,0;0,0;100,0;3,06
201..250;201..250;uniform;default_rebalance_with_deposit;67..99;5562;7403;7134;26694,0;0,0;100,0;2,74
201..250;201..250;uniform;default_rebalance_with_deposit;100..200;5562;7404;7135;26694,0;0,0;100,0;5,28
201..250;201..250;uniform;default_rebalance_with_withdrawal;1..33;5562;7405;7136;26694,0;0,0;100,0;4,76
201..250;201..250;uniform;default_rebalance_with_withdrawal;34..66;5562;7406;7137;26694,0;0,0;100,0;3,05
201..250;201..250;uniform;default_rebalance_with_withdrawal;67..99;5562;7407;7138;26694,0;0,0;100,0;2,73
201..250;201..250;uniform;contribution_rebalance;1..33;5562;7408;7139;26694,0;17859,7;33,09;2,82
201..250;201..250;uniform;contribution_rebalance;34..66;5562;7409;7140;26694,0;13288,58;50,21;2,7
201..250;201..250;uniform;contribution_rebalance;67..99;5562;7410;7141;26694,0;12841,04;51,89;4,81
201..250;201..250;uniform;contribution_rebalance;100..200;5562;7411;7142;26694,0;5392,84;79,79;2,62
